seq5_1-seq8_92	No error	0.50795998327920806727	Bad Overlap
seq5_16-seq8_86	No error	0.5189368958085594832	Bad Overlap
seq5_20-seq8_54	No error	0.5069782136028594351	Bad Overlap
seq5_21-seq8_17	No error	0.54837568330567268925	Bad Overlap
seq5_23-seq5_96	No error	0.67370802271383402484	Good Overlap
seq5_24-seq9_32	No error	0.51565726602793820734	Bad Overlap
seq5_31-seq6_83	No error	0.5445102297369913811	Bad Overlap
seq5_32-seq7_89	No error	0.5163597343849588202	Bad Overlap
seq5_58-seq8_90	No error	0.52509458204022227624	Bad Overlap
seq5_58-seq8_88	No error	0.49875259515446175628	Bad Overlap
seq5_60-seq9_45	No error	0.49492585528646040739	Bad Overlap
seq5_62-seq6_21	No error	0.53428775209325769145	Bad Overlap
seq5_62-seq9_56	No error	0.50344244841955359545	Bad Overlap
seq5_63-seq5_66	No error	0.6666271847666985469	Good Overlap
seq5_67-seq7_63	No error	0.5126705416373018421	Bad Overlap
seq5_69-seq7_89	No error	0.5221043111325549546	Bad Overlap
seq5_69-seq5_75	No error	0.6833092663210855989	Good Overlap
seq5_69-seq9_67	No error	0.5023366311268992956	Bad Overlap
seq5_75-seq7_89	No error	0.50745556939352082953	Bad Overlap
seq5_77-seq7_91	No error	0.5159656239423034892	Bad Overlap
seq5_77-seq9_98	No error	0.0	Bad Overlap
seq5_77-seq6_84	No error	0.5290978753995431296	Bad Overlap
seq5_77-seq9_57	No error	0.4932131558513419207	Bad Overlap
seq5_79-seq7_76	No error	0.51658474527568661077	Bad Overlap
seq5_83-seq7_16	No error	0.53609835273936846077	Bad Overlap
seq5_86-seq7_13	No error	0.53378338361495251805	Bad Overlap
seq5_87-seq8_86	No error	0.5090389946746470148	Bad Overlap
seq5_88-seq5_92	No error	0.6870302454707083947	Good Overlap
seq5_88-seq9_42	No error	0.50174626298008526457	Bad Overlap
seq5_89-seq6_73	No error	0.5257614257144689893	Bad Overlap
seq5_90-seq6_52	No error	0.52656464375516272264	Bad Overlap
seq5_90-seq6_46	No error	0.53999804667540216333	Bad Overlap
seq5_90-seq9_75	No error	0.50627996448938491185	Bad Overlap
seq5_91-seq6_87	No error	0.53215067358202333713	Bad Overlap
seq5_92-seq9_42	No error	0.49015583567154624552	Bad Overlap
seq5_93-seq8_82	No error	0.5102552529351031866	Bad Overlap
seq5_94-seq8_76	No error	0.5161901792662385967	Bad Overlap
seq5_95-seq7_59	No error	0.5086183628487325535	Bad Overlap
seq5_98-seq9_41	No error	0.49612850375851478608	Bad Overlap
seq5_100-seq7_94	No error	0.0	Bad Overlap
seq5_100-seq6_55	No error	0.5324120874323264428	Bad Overlap
seq4_4-seq9_49	No error	0.5221226466726621621	Bad Overlap
seq4_10-seq6_1	No error	0.54930704633713317976	Bad Overlap
seq4_13-seq6_66	No error	0.5502553169139527568	Bad Overlap
seq4_14-seq5_89	No error	0.55476549893617134863	Bad Overlap
seq4_14-seq6_73	No error	0.54733946457838624465	Bad Overlap
seq4_27-seq7_41	No error	0.53444857932275642223	Bad Overlap
seq4_27-seq6_73	No error	0.5368819095351133105	Bad Overlap
seq4_30-seq9_95	No error	0.524691000994480244	Bad Overlap
seq4_32-seq5_5	No error	0.55206041850836370233	Bad Overlap
seq4_33-seq8_84	No error	0.51006377463318126127	Bad Overlap
seq4_35-seq4_97	No error	0.70457598675957831195	Good Overlap
seq4_38-seq7_71	No error	0.54469079840432149724	Bad Overlap
seq4_40-seq4_67	No error	0.68458049679593442713	Good Overlap
seq4_41-seq5_97	No error	0.55383304314633449413	Bad Overlap
seq4_42-seq9_81	No error	0.5152976360250660393	Bad Overlap
seq4_47-seq8_77	No error	0.52088231075327422464	Bad Overlap
seq4_48-seq8_91	No error	0.52162118503324149464	Bad Overlap
seq4_49-seq6_75	No error	0.5543921277546570085	Bad Overlap
seq4_51-seq8_94	No error	0.51623756773723235774	Bad Overlap
seq4_52-seq6_6	No error	0.5724190294100049796	Bad Overlap
seq4_53-seq6_3	No error	0.5203490991293145011	Bad Overlap
seq4_54-seq9_69	No error	0.5132695997527140258	Bad Overlap
seq4_54-seq7_51	No error	0.5394839999234289446	Bad Overlap
seq4_55-seq6_65	No error	0.54314324978255451625	Bad Overlap
seq4_55-seq9_36	No error	0.5023846874506302439	Bad Overlap
seq4_58-seq5_82	No error	0.55890180576085380943	Bad Overlap
seq4_62-seq9_79	No error	0.51159567185742856895	Bad Overlap
seq4_64-seq6_41	No error	0.5478642336568244673	Bad Overlap
seq4_64-seq6_32	No error	0.5349502087804750753	Bad Overlap
seq4_64-seq6_62	No error	0.5347195275083909152	Bad Overlap
seq4_66-seq6_25	No error	0.5655681109284389555	Bad Overlap
seq4_67-seq9_97	No error	0.52024268695575721965	Bad Overlap
seq4_70-seq6_71	No error	0.53822431918422141366	Bad Overlap
seq4_78-seq7_35	No error	0.5395805035534231807	Bad Overlap
seq4_80-seq8_61	No error	0.5374554202429707723	Bad Overlap
seq4_84-seq6_32	No error	0.52835405842595879094	Bad Overlap
seq4_85-seq7_90	No error	0.52919207758250113915	Bad Overlap
seq4_85-seq9_31	No error	0.5099449810565520844	Bad Overlap
seq4_85-seq9_78	No error	0.5706710443689205701	Bad Overlap
seq4_86-seq5_20	No error	0.54796819039791586493	Bad Overlap
seq4_86-seq8_54	No error	0.5225130054608563544	Bad Overlap
seq4_87-seq5_87	No error	0.54894324981101459563	Bad Overlap
seq4_87-seq8_86	No error	0.5064750600987479636	Bad Overlap
seq4_88-seq9_35	No error	0.5085960396020341079	Bad Overlap
seq4_89-seq6_33	No error	0.5428578720130907877	Bad Overlap
seq4_89-seq7_93	No error	0.54211635015203753305	Bad Overlap
seq4_92-seq5_25	No error	0.5507107553550809855	Bad Overlap
seq4_92-seq7_25	No error	0.52998444237878402274	Bad Overlap
seq4_93-seq5_13	No error	0.55272452975281025463	Bad Overlap
seq4_95-seq6_37	No error	0.54288183438356742735	Bad Overlap
seq4_97-seq5_99	No error	0.5497722267001407638	Bad Overlap
seq1_1-seq1_90	No error	0.6786073300761306677	Good Overlap
seq1_2-seq4_84	No error	0.6149266913307298419	Bad Overlap
seq1_3-seq9_70	No error	0.54149533788018099274	Bad Overlap
seq1_4-seq1_95	No error	0.6617446821516997191	Good Overlap
seq1_4-seq5_62	No error	0.5978825568613910668	Bad Overlap
seq1_5-seq5_29	No error	0.5849289187701499443	Bad Overlap
seq1_6-seq9_96	No error	0.5583398938657453971	Bad Overlap
seq1_6-seq6_72	No error	0.5885303985068796795	Bad Overlap
seq1_7-seq7_71	No error	0.56161421785093303154	Bad Overlap
seq1_7-seq2_73	No error	0.6207592007352215734	Bad Overlap
seq1_9-seq5_99	No error	0.61547370188041163747	Bad Overlap
seq1_11-seq4_95	No error	0.61151630725052044945	Bad Overlap
seq1_13-seq3_22	No error	0.6159198836075625588	Bad Overlap
seq1_14-seq3_35	No error	0.62740695071451516935	Bad Overlap
seq1_17-seq8_58	No error	0.5593232164268529707	Bad Overlap
seq1_17-seq6_87	No error	0.5713673370222182476	Bad Overlap
seq1_17-seq5_7	No error	0.5812423976860982864	Bad Overlap
seq1_17-seq5_91	No error	0.5890421525173006576	Bad Overlap
seq1_19-seq1_70	No error	0.67464410179042212125	Good Overlap
seq1_23-seq1_91	No error	0.6782129050792368424	Good Overlap
seq1_23-seq6_65	No error	0.587043921125779486	Bad Overlap
seq1_24-seq7_78	No error	0.5708962345936822598	Bad Overlap
seq1_24-seq9_49	No error	0.53857090596583271757	Bad Overlap
seq1_24-seq4_4	No error	0.64523457995468543546	Bad Overlap
seq1_27-seq3_73	No error	0.64164690581182158173	Bad Overlap
seq1_28-seq6_58	No error	0.5523030381964630877	Bad Overlap
seq1_29-seq7_90	No error	0.5646445995282020219	Bad Overlap
seq1_29-seq9_78	No error	0.53688606779096690317	Bad Overlap
seq1_29-seq4_85	No error	0.6235286332657938935	Bad Overlap
seq1_31-seq5_71	No error	0.5834473832525505033	Bad Overlap
seq1_31-seq4_63	No error	0.6243143228869958994	Bad Overlap
seq1_32-seq3_93	No error	0.65973985071719113267	Bad Overlap
seq1_33-seq7_47	No error	0.5647043158639130745	Bad Overlap
seq1_33-seq9_37	No error	0.55178648871213924134	Bad Overlap
seq1_34-seq8_19	No error	0.5690079148919402615	Bad Overlap
seq1_36-seq3_73	No error	0.6183623097529335944	Bad Overlap
seq1_39-seq3_51	No error	0.632398761378540202	Bad Overlap
seq1_39-seq6_70	No error	0.58605554886844396495	Bad Overlap
seq1_40-seq4_58	No error	0.60605252348736678023	Bad Overlap
seq1_40-seq5_82	No error	0.5912603707891518152	Bad Overlap
seq1_42-seq6_18	No error	0.5960893024671281679	Bad Overlap
seq1_43-seq4_78	No error	0.6073499985367988567	Bad Overlap
seq1_43-seq7_35	No error	0.57123195929647453125	Bad Overlap
seq1_44-seq2_85	No error	0.64955208381089836635	Bad Overlap
seq1_44-seq1_53	No error	0.68677123917507654883	Good Overlap
seq1_44-seq3_46	No error	0.6462868928463226068	Bad Overlap
seq1_46-seq7_71	No error	0.5571077659701415206	Bad Overlap
seq1_46-seq1_7	No error	0.68362150444577011397	Good Overlap
seq1_46-seq2_73	No error	0.6556316158997498077	Bad Overlap
seq1_50-seq2_68	No error	0.6384410763149817874	Bad Overlap
seq1_50-seq7_79	No error	0.58835286252541816037	Bad Overlap
seq1_51-seq3_84	No error	0.6217323077789737244	Bad Overlap
seq1_51-seq4_56	No error	0.600652109765633799	Bad Overlap
seq1_52-seq4_88	No error	0.6011369148616288389	Bad Overlap
seq1_52-seq7_74	No error	0.5670919464414349169	Bad Overlap
seq1_52-seq9_35	No error	0.5394073964102130039	Bad Overlap
seq1_53-seq2_85	No error	0.65224631387247480435	Bad Overlap
seq1_53-seq3_46	No error	0.64048150621136799187	Bad Overlap
seq1_54-seq4_53	No error	0.6033441543188922758	Bad Overlap
seq1_54-seq6_3	No error	0.5692802075383711036	Bad Overlap
seq1_55-seq8_74	No error	0.5619119511428215778	Bad Overlap
seq1_55-seq3_74	No error	0.6175082087790828949	Bad Overlap
seq1_57-seq7_52	No error	0.5668237230154364888	Bad Overlap
seq1_58-seq9_98	No error	0.5415800576289007494	Bad Overlap
seq1_58-seq5_77	No error	0.6238378063892964907	Bad Overlap
seq1_58-seq6_84	No error	0.60814330558154975216	Bad Overlap
seq1_59-seq1_90	No error	0.69708785489224220843	Good Overlap
seq1_60-seq2_81	No error	0.6532929819139317457	Bad Overlap
seq1_61-seq1_82	No error	0.68516148463999971966	Good Overlap
seq1_63-seq8_93	No error	0.55464414826881718924	Bad Overlap
seq1_63-seq8_44	No error	0.56614454419136797257	Bad Overlap
seq1_64-seq5_14	No error	0.57358198708921226763	Bad Overlap
seq1_66-seq1_86	No error	0.71702959822940966303	Good Overlap
seq1_67-seq9_91	No error	0.55034076609906903656	Bad Overlap
seq1_68-seq9_52	No error	0.54758689498483353305	Bad Overlap
seq1_68-seq5_71	No error	0.5611135338106183464	Bad Overlap
seq1_69-seq7_21	No error	0.56743761444527367427	Bad Overlap
seq1_71-seq7_78	No error	0.5629375698553843715	Bad Overlap
seq1_71-seq3_71	No error	0.59922648647652821763	Bad Overlap
seq1_72-seq5_98	No error	0.60200724243124882645	Bad Overlap
seq1_72-seq9_41	No error	0.5375346991412350048	Bad Overlap
seq1_73-seq7_81	No error	0.565230664124298721	Bad Overlap
seq1_73-seq8_75	No error	0.5405664654517869024	Bad Overlap
seq1_74-seq9_76	No error	0.5438654367661573436	Bad Overlap
seq1_74-seq5_24	No error	0.5873963870210551536	Bad Overlap
seq1_74-seq9_32	No error	0.55698680717719396154	Bad Overlap
seq1_76-seq8_89	No error	0.5585309844430454784	Bad Overlap
seq1_76-seq6_47	No error	0.60944192192433985743	Bad Overlap
seq1_76-seq7_69	No error	0.57778306091763178306	Bad Overlap
seq1_77-seq5_86	No error	0.5918161681376759993	Bad Overlap
seq1_78-seq4_16	No error	0.60801855341183606445	Bad Overlap
seq1_79-seq6_75	No error	0.55806704455403587735	Bad Overlap
seq1_80-seq2_96	No error	0.64110708176450374827	Bad Overlap
seq1_80-seq7_92	No error	0.5742397003990931675	Bad Overlap
seq1_81-seq5_66	No error	0.5878537446831995722	Bad Overlap
seq1_81-seq8_27	No error	0.5257029896497574432	Bad Overlap
seq1_81-seq5_63	No error	0.5870216259019217001	Bad Overlap
seq1_83-seq2_94	No error	0.638734657665872283	Bad Overlap
seq1_83-seq9_24	No error	0.548454387078229478	Bad Overlap
seq1_85-seq2_90	No error	0.63686402376952135	Bad Overlap
seq1_86-seq7_85	No error	0.5667210737138105216	Bad Overlap
seq1_86-seq6_38	No error	0.58241415674811113887	Bad Overlap
seq1_86-seq6_67	No error	0.57812147686840256765	Bad Overlap
seq1_86-seq2_30	No error	0.62274180735611946744	Bad Overlap
seq1_86-seq8_28	No error	0.55148902067906354626	Bad Overlap
seq1_88-seq4_81	No error	0.6016607257939266623	Bad Overlap
seq1_89-seq7_89	No error	0.5538517287150424393	Bad Overlap
seq1_89-seq5_32	No error	0.58734187376814958907	Bad Overlap
seq1_89-seq5_75	No error	0.5760113610908998537	Bad Overlap
seq1_90-seq2_44	No error	0.6308294111949313299	Bad Overlap
seq1_90-seq3_39	No error	0.6500042402209427736	Bad Overlap
seq1_90-seq9_13	No error	0.52261411303102377527	Bad Overlap
seq1_90-seq3_29	No error	0.6108578785633957889	Bad Overlap
seq1_91-seq6_65	No error	0.5685941433503321294	Bad Overlap
seq1_91-seq4_55	No error	0.5956284626401601473	Bad Overlap
seq1_91-seq9_36	No error	0.5222119955442383729	Bad Overlap
seq1_92-seq9_23	No error	0.5359269503398189758	Bad Overlap
seq1_93-seq4_98	No error	0.60595365458081076876	Bad Overlap
seq1_93-seq2_95	No error	0.62495466894853642906	Bad Overlap
seq1_93-seq8_39	No error	0.5352420887404925632	Bad Overlap
seq1_94-seq8_86	No error	0.5451176053355939509	Bad Overlap
seq1_94-seq5_87	No error	0.58853224570012069647	Bad Overlap
seq1_94-seq5_16	No error	0.5747619218454734553	Bad Overlap
seq1_94-seq4_87	No error	0.62791122325303821587	Bad Overlap
seq1_95-seq5_62	No error	0.5968539623279401377	Bad Overlap
seq1_95-seq6_21	No error	0.58769425385574071104	Bad Overlap
seq1_95-seq9_56	No error	0.5473195296667149286	Bad Overlap
seq1_95-seq8_46	No error	0.5559320906783683134	Bad Overlap
seq10_7-seq10_89	No error	0.69011326900233337626	Good Overlap
seq10_13-seq2_39	No error	0.57971502733647253884	Bad Overlap
seq10_15-seq3_92	No error	0.5019510750151673095	Bad Overlap
seq10_18-seq10_69	No error	0.66859402232172008814	Good Overlap
seq10_18-seq7_84	No error	0.450296782837902265	Bad Overlap
seq10_20-seq2_68	No error	0.52573188284043533697	Bad Overlap
seq10_20-seq7_79	No error	0.49083916324692514899	Bad Overlap
seq10_21-seq1_76	No error	0.5721067492981488869	Bad Overlap
seq10_26-seq1_93	No error	0.53825415806632035943	Bad Overlap
seq10_30-seq5_80	No error	0.50136887516915886874	Bad Overlap
seq10_32-seq2_62	No error	0.51712662659155188456	Bad Overlap
seq10_32-seq6_89	No error	0.48222479820442161027	Bad Overlap
seq10_42-seq1_51	No error	0.5316106278390703679	Bad Overlap
seq10_44-seq4_90	No error	0.49649479345280440767	Bad Overlap
seq10_46-seq10_76	No error	0.6889282072653710607	Good Overlap
seq10_47-seq5_69	No error	0.48500082455818251218	Bad Overlap
seq10_47-seq7_89	No error	0.4760632925230599909	Bad Overlap
seq10_49-seq2_82	No error	0.5185552679345325692	Bad Overlap
seq10_50-seq1_56	No error	0.5345205801157717879	Bad Overlap
seq10_52-seq10_85	No error	0.687492451710835652	Good Overlap
seq10_52-seq7_24	No error	0.46960372420948956175	Bad Overlap
seq10_52-seq7_7	No error	0.47939228213577137378	Bad Overlap
seq10_56-seq2_93	No error	0.5162208241801734846	Bad Overlap
seq10_56-seq4_75	No error	0.50524031857810213853	Bad Overlap
seq10_58-seq2_95	No error	0.49898047689884109955	Bad Overlap
seq10_58-seq5_82	No error	0.49371319995393505754	Bad Overlap
seq10_61-seq7_87	No error	0.48179149013374601896	Bad Overlap
seq10_63-seq10_74	No error	0.68415631142361044793	Good Overlap
seq10_65-seq9_93	No error	0.4618414061014298677	Bad Overlap
seq10_69-seq7_84	No error	0.46667571726869495248	Bad Overlap
seq10_71-seq6_81	No error	0.48644802834183097686	Bad Overlap
seq10_71-seq8_16	No error	0.48047340055563181175	Bad Overlap
seq10_72-seq4_18	No error	0.5188020941609882201	Bad Overlap
seq10_72-seq7_56	No error	0.46887429882924427674	Bad Overlap
seq10_73-seq1_21	No error	0.53358875715389504033	Bad Overlap
seq10_75-seq2_74	No error	0.51590020580697572956	Bad Overlap
seq10_77-seq6_12	No error	0.4677311720637702897	Bad Overlap
seq10_79-seq9_66	No error	0.46920878026519814304	Bad Overlap
seq10_79-seq6_14	No error	0.4900515458841421431	Bad Overlap
seq10_81-seq8_82	No error	0.0	Bad Overlap
seq10_81-seq6_74	No error	0.4853193398752138789	Bad Overlap
seq10_81-seq5_93	No error	0.48672939738178749538	Bad Overlap
seq10_81-seq7_38	No error	0.47819838549891439396	Bad Overlap
seq10_83-seq9_99	No error	0.0	Bad Overlap
seq10_85-seq7_24	No error	0.4796960134637623591	Bad Overlap
seq10_86-seq6_68	No error	0.48824844887660890982	Bad Overlap
seq10_86-seq7_31	No error	0.45714476536552703013	Bad Overlap
seq10_87-seq7_82	No error	0.47424381049061510224	Bad Overlap
seq10_90-seq8_88	No error	0.45424305311891732546	Bad Overlap
seq10_91-seq1_22	No error	0.5287701765156504298	Bad Overlap
seq10_92-seq4_53	No error	0.49513597910149396213	Bad Overlap
seq10_92-seq1_54	No error	0.5283044376863470445	Bad Overlap
seq10_93-seq7_62	No error	0.4720566291486026187	Bad Overlap
seq10_94-seq3_87	No error	0.50849545945060870087	Bad Overlap
seq10_94-seq2_79	No error	0.52160989993448005547	Bad Overlap
seq10_94-seq9_94	No error	0.4732884079629488153	Bad Overlap
seq10_94-seq2_26	No error	0.53366165849626077364	Bad Overlap
seq10_95-seq4_64	No error	0.49205344358926574475	Bad Overlap
seq10_95-seq6_41	No error	0.47186957627537674958	Bad Overlap
seq10_95-seq6_32	No error	0.47370023989181475434	Bad Overlap
seq10_96-seq1_64	No error	0.5292645892406628139	Bad Overlap
seq10_96-seq7_39	No error	0.47987256353746986863	Bad Overlap
seq10_96-seq5_14	No error	0.49243999962187611055	Bad Overlap
seq6_5-seq7_90	No error	0.49947589572052680413	Bad Overlap
seq6_5-seq9_78	No error	0.5043062620657992233	Bad Overlap
seq6_17-seq8_85	No error	0.519879418892963985	Bad Overlap
seq6_24-seq7_46	No error	0.5122045350037410357	Bad Overlap
seq6_28-seq7_60	No error	0.51624512841064765266	Bad Overlap
seq6_29-seq6_8	No error	0.63364875367895659826	Good Overlap
seq6_32-seq6_41	No error	0.69394016686555476213	Good Overlap
seq6_34-seq8_28	No error	0.51231817881425695466	Bad Overlap
seq6_35-seq7_17	No error	0.51050086193154297287	Bad Overlap
seq6_38-seq7_85	No error	0.50236687524911749795	Bad Overlap
seq6_41-seq6_62	No error	0.7059722379464173057	Good Overlap
seq6_43-seq9_53	No error	0.5016043433128927218	Bad Overlap
seq6_45-seq9_85	No error	0.48390307715682048207	Bad Overlap
seq6_46-seq6_52	No error	0.68931920389018938166	Good Overlap
seq6_50-seq6_91	No error	0.67197486441395615523	Good Overlap
seq6_53-seq6_75	No error	0.693395916123273834	Good Overlap
seq6_55-seq7_94	No error	0.5060787228948497729	Bad Overlap
seq6_57-seq8_42	No error	0.5042526215584220552	Bad Overlap
seq6_59-seq8_92	No error	0.50989408302715840245	Bad Overlap
seq6_65-seq9_36	No error	0.4943404892148254989	Bad Overlap
seq6_67-seq7_85	No error	0.5170589525587931128	Bad Overlap
seq6_72-seq9_96	No error	0.48440157665687587975	Bad Overlap
seq6_73-seq7_41	No error	0.4963096950631632672	Bad Overlap
seq6_74-seq8_82	No error	0.5092856053063299299	Bad Overlap
seq6_74-seq7_38	No error	0.5215942439223587985	Bad Overlap
seq6_76-seq9_74	No error	0.51399925421015102965	Bad Overlap
seq6_78-seq7_51	No error	0.5129683954157720803	Bad Overlap
seq6_81-seq8_16	No error	0.50278034614255209323	Bad Overlap
seq6_81-seq7_15	No error	0.5074981173558794274	Bad Overlap
seq6_84-seq7_91	No error	0.50804462756827164236	Bad Overlap
seq6_84-seq9_98	No error	0.50137002544076170033	Bad Overlap
seq6_84-seq9_57	No error	0.5003472747497057364	Bad Overlap
seq6_85-seq8_69	No error	0.51142934786073991095	Bad Overlap
seq6_85-seq7_50	No error	0.50509971187248097385	Bad Overlap
seq6_86-seq9_92	No error	0.49661776637954308157	Bad Overlap
seq6_86-seq7_57	No error	0.49961156157201276197	Bad Overlap
seq6_87-seq8_58	No error	0.5014310234600180224	Bad Overlap
seq6_89-seq8_34	No error	0.50887214885717624286	Bad Overlap
seq6_90-seq7_67	No error	0.51816869160143579597	Bad Overlap
seq6_90-seq7_87	No error	0.5332100383293347048	Bad Overlap
seq6_91-seq8_24	No error	0.5011274973503153269	Bad Overlap
seq6_92-seq7_83	No error	0.0	Bad Overlap
seq2_6-seq5_98	No error	0.5846264094053909839	Bad Overlap
seq2_8-seq9_97	No error	0.51578774473183097493	Bad Overlap
seq2_10-seq8_52	No error	0.54990476102749811556	Bad Overlap
seq2_11-seq4_12	No error	0.58337272119187014353	Bad Overlap
seq2_12-seq9_89	No error	0.5239291814654391299	Bad Overlap
seq2_13-seq6_85	No error	0.58204302928336460317	Bad Overlap
seq2_13-seq8_69	No error	0.55190758404017561104	Bad Overlap
seq2_16-seq5_85	No error	0.5703613742007166462	Bad Overlap
seq2_17-seq9_95	No error	0.5236508288203692461	Bad Overlap
seq2_19-seq2_93	No error	0.7022119908690032241	Good Overlap
seq2_19-seq4_75	No error	0.6184865916236439484	Bad Overlap
seq2_20-seq2_91	No error	0.68665222687527387906	Good Overlap
seq2_21-seq5_96	No error	0.57734298253745053027	Bad Overlap
seq2_26-seq9_94	No error	0.52082383597857240585	Bad Overlap
seq2_28-seq8_93	No error	0.5294951283227570572	Bad Overlap
seq2_32-seq5_92	No error	0.59828623948282398166	Bad Overlap
seq2_34-seq3_93	No error	0.6164567456151763068	Bad Overlap
seq2_34-seq3_70	No error	0.6284611992918815854	Bad Overlap
seq2_36-seq2_76	No error	0.6716703240161726146	Good Overlap
seq2_37-seq8_80	No error	0.5443973459602217376	Bad Overlap
seq2_38-seq4_85	No error	0.5741487764144901207	Bad Overlap
seq2_38-seq7_90	No error	0.52836644929198271515	Bad Overlap
seq2_38-seq9_31	No error	0.5565712680062422393	Bad Overlap
seq2_40-seq2_56	No error	0.6480381674100017382	Good Overlap
seq2_41-seq2_72	No error	0.69514929530344117656	Good Overlap
seq2_42-seq7_43	No error	0.56043335687687949613	Bad Overlap
seq2_43-seq2_65	No error	0.68177309428694590353	Good Overlap
seq2_43-seq5_73	No error	0.56128330850398510933	Bad Overlap
seq2_44-seq3_29	No error	0.6013505812554364818	Bad Overlap
seq2_44-seq3_39	No error	0.59660117778725113027	Bad Overlap
seq2_45-seq2_78	No error	0.6833336887478302147	Good Overlap
seq2_45-seq5_51	No error	0.578076002851159135	Bad Overlap
seq2_45-seq2_93	No error	0.68027399514455168955	Good Overlap
seq2_46-seq5_9	No error	0.56377450275317990175	Bad Overlap
seq2_46-seq3_36	No error	0.72741917777229766665	Bad Overlap
seq2_50-seq8_52	No error	0.55637573532272498845	Bad Overlap
seq2_52-seq3_85	No error	0.6021733812499481109	Bad Overlap
seq2_52-seq6_77	No error	0.5609684264211583788	Bad Overlap
seq2_53-seq9_18	No error	0.5196830028060248516	Bad Overlap
seq2_55-seq5_60	No error	0.5845455009503760088	Bad Overlap
seq2_55-seq9_45	No error	0.53193307566214752496	Bad Overlap
seq2_58-seq3_91	No error	0.6060992838869318574	Bad Overlap
seq2_59-seq8_69	No error	0.5405664016386936319	Bad Overlap
seq2_62-seq6_89	No error	0.56954606416218606665	Bad Overlap
seq2_62-seq8_34	No error	0.5431244777792347794	Bad Overlap
seq2_62-seq3_55	No error	0.5964843141097767327	Bad Overlap
seq2_62-seq7_29	No error	0.53453419362448196004	Bad Overlap
seq2_63-seq9_30	No error	0.55189609338904662496	Bad Overlap
seq2_65-seq5_73	No error	0.57917182574146912116	Bad Overlap
seq2_66-seq6_54	No error	0.57215867174091434417	Bad Overlap
seq2_67-seq5_84	No error	0.57932767409023279214	Bad Overlap
seq2_68-seq7_79	No error	0.5620424605854276709	Bad Overlap
seq2_69-seq9_71	No error	0.50346667515582509345	Bad Overlap
seq2_72-seq4_1	No error	0.58742243293784112285	Bad Overlap
seq2_73-seq7_71	No error	0.55631161030977760006	Bad Overlap
seq2_75-seq3_67	No error	0.59545833713631601033	Bad Overlap
seq2_77-seq6_26	No error	0.55579651771724009925	Bad Overlap
seq2_78-seq2_93	No error	0.6925724879778011544	Good Overlap
seq2_78-seq5_51	No error	0.58706811051504325744	Bad Overlap
seq2_79-seq3_87	No error	0.5962212432561302145	Bad Overlap
seq2_80-seq6_71	No error	0.55060292174142596303	Bad Overlap
seq2_83-seq6_83	No error	0.5829769366357840961	Bad Overlap
seq2_83-seq5_31	No error	0.58210038591288709465	Bad Overlap
seq2_83-seq6_9	No error	0.5888635817013211854	Bad Overlap
seq2_83-seq2_92	No error	0.6556456265811913775	Good Overlap
seq2_84-seq4_74	No error	0.6114647122611208168	Bad Overlap
seq2_85-seq3_49	No error	0.600015723147875711	Bad Overlap
seq2_85-seq3_46	No error	0.64732659756752436496	Bad Overlap
seq2_86-seq3_34	No error	0.6083904249452735902	Bad Overlap
seq2_87-seq5_38	No error	0.5704600500073649711	Bad Overlap
seq2_89-seq8_94	No error	0.5468304411050139644	Bad Overlap
seq2_89-seq4_51	No error	0.61448343514905164845	Bad Overlap
seq2_89-seq5_59	No error	0.56393537630754580716	Bad Overlap
seq2_91-seq9_77	No error	0.522334589689845483	Bad Overlap
seq2_92-seq5_31	No error	0.5900642537309906923	Bad Overlap
seq2_92-seq6_83	No error	0.5874724610777654042	Bad Overlap
seq2_93-seq4_75	No error	0.59224513237988517104	Bad Overlap
seq2_94-seq9_24	No error	0.53725585314222451506	Bad Overlap
seq2_95-seq4_98	No error	0.5838385765187598726	Bad Overlap
seq2_95-seq5_82	No error	0.582937781041666192	Bad Overlap
seq2_96-seq7_92	No error	0.0	Bad Overlap
seq2_96-seq8_4	No error	0.55029667085743698743	Bad Overlap
seq2_97-seq2_98	No error	0.68154264417261990077	Good Overlap
seq2_97-seq5_48	No error	0.57014084365993411075	Bad Overlap
seq2_97-seq4_38	No error	0.57990814984608758344	Bad Overlap
seq2_97-seq7_71	No error	0.56830828097824895914	Bad Overlap
seq2_98-seq5_48	No error	0.5746668554658543818	Bad Overlap
seq2_98-seq7_11	No error	0.56191490714799043825	Bad Overlap
origSeq_4-seq3_78	No error	0.64496704269581181393	Bad Overlap
origSeq_5-seq6_34	No error	0.59283380010247398986	Bad Overlap
origSeq_6-seq3_25	No error	0.66784658901824339267	Bad Overlap
origSeq_10-seq4_38	No error	0.65481012976559625874	Bad Overlap
origSeq_10-seq2_97	No error	0.61122598596749766665	Bad Overlap
origSeq_12-seq7_66	No error	0.56916259925683385763	Bad Overlap
origSeq_13-seq10_66	No error	0.53404128666592984347	Bad Overlap
origSeq_14-seq6_75	No error	0.60227978037997968264	Bad Overlap
origSeq_14-seq4_49	No error	0.63153522204679258135	Bad Overlap
origSeq_17-seq1_81	No error	0.68066282152912460494	Bad Overlap
origSeq_17-seq5_66	No error	0.59499279090290358693	Bad Overlap
origSeq_17-seq5_63	No error	0.58741895711053265707	Bad Overlap
origSeq_18-seq10_78	No error	0.5322159860809328913	Bad Overlap
origSeq_19-seq4_96	No error	0.6269179649596608215	Bad Overlap
origSeq_22-seq9_50	No error	0.5462211110288822315	Bad Overlap
origSeq_23-seq2_41	No error	0.63680943398990666406	Bad Overlap
origSeq_23-seq2_72	No error	0.6292366054924790399	Bad Overlap
origSeq_24-seq2_50	No error	0.67421118440783536313	Bad Overlap
origSeq_25-origSeq_55	No error	0.69755325322180621907	Good Overlap
origSeq_26-seq1_89	No error	0.65447358179791474827	Bad Overlap
origSeq_27-seq7_88	No error	0.5899354686212000132	Bad Overlap
origSeq_28-seq3_18	No error	0.6642026611233860985	Bad Overlap
origSeq_32-seq4_26	No error	0.6123721851011387701	Bad Overlap
origSeq_32-seq10_84	No error	0.566188120349621521	Bad Overlap
origSeq_33-seq7_78	No error	0.57710098668787313485	Bad Overlap
origSeq_33-seq1_24	No error	0.69466204646831207514	Bad Overlap
origSeq_34-seq1_30	No error	0.67608406119990881904	Bad Overlap
origSeq_35-seq5_2	No error	0.6067251692758717137	Bad Overlap
origSeq_35-origSeq_50	No error	0.70128089635888122416	Good Overlap
origSeq_36-origSeq_85	No error	0.70819677584387588165	Good Overlap
origSeq_36-seq7_82	No error	0.57901312247882468805	Bad Overlap
origSeq_37-seq6_91	No error	0.5928914637173256501	Bad Overlap
origSeq_38-seq6_81	No error	0.6094917217412941817	Bad Overlap
origSeq_38-seq10_71	No error	0.5301110030098834799	Bad Overlap
origSeq_39-seq2_83	No error	0.6429089808899115421	Bad Overlap
origSeq_41-seq6_24	No error	0.5886710375210849189	Bad Overlap
origSeq_41-seq7_46	No error	0.57424575231296619174	Bad Overlap
origSeq_42-seq4_34	No error	0.65171038719762477455	Bad Overlap
origSeq_45-origSeq_47	No error	0.68067985968372503715	Good Overlap
origSeq_45-seq5_49	No error	0.59323322297372895585	Bad Overlap
origSeq_46-seq10_62	No error	0.54329870641280652015	Bad Overlap
origSeq_46-seq8_80	No error	0.56447259257830643633	Bad Overlap
origSeq_46-seq2_37	No error	0.63999321828950040607	Bad Overlap
origSeq_47-seq5_49	No error	0.5910309339048912029	Bad Overlap
origSeq_47-seq3_19	No error	0.6498273036404192275	Bad Overlap
origSeq_47-seq4_24	No error	0.63241690249394828425	Bad Overlap
origSeq_49-seq9_16	No error	0.54692876430091342063	Bad Overlap
origSeq_49-origSeq_67	No error	0.69220328024496199644	Good Overlap
origSeq_49-seq6_83	No error	0.59716693412035841556	Bad Overlap
origSeq_50-seq5_2	No error	0.58123289106455335344	Bad Overlap
origSeq_52-seq5_92	No error	0.63829324645190871194	Bad Overlap
origSeq_52-seq2_32	No error	0.61780160679744313855	Bad Overlap
origSeq_53-seq5_98	No error	0.5984108251318326475	Bad Overlap
origSeq_53-seq7_10	No error	0.59633338301692236224	Bad Overlap
origSeq_54-seq8_28	No error	0.55337908300055270076	Bad Overlap
origSeq_54-seq7_85	No error	0.57308232204228769734	Bad Overlap
origSeq_54-seq6_34	No error	0.56513233955955115273	Bad Overlap
origSeq_56-seq4_93	No error	0.6085177467146370231	Bad Overlap
origSeq_57-origSeq_98	No error	0.69220320069155199535	Good Overlap
origSeq_58-seq7_60	No error	0.56749530417253939407	Bad Overlap
origSeq_58-seq5_89	No error	0.6068635986124291885	Bad Overlap
origSeq_58-seq6_73	No error	0.58971629636026756677	Bad Overlap
origSeq_60-seq7_45	No error	0.59292734157857465363	Bad Overlap
origSeq_61-seq6_88	No error	0.5835605740830841774	Bad Overlap
origSeq_63-seq7_67	No error	0.5830080574567469348	Bad Overlap
origSeq_63-seq6_90	No error	0.59470296853595249126	Bad Overlap
origSeq_63-seq3_69	No error	0.6382130849544941333	Bad Overlap
origSeq_63-seq9_80	No error	0.54920814155472211655	Bad Overlap
origSeq_64-seq5_57	No error	0.60509442821565466767	Bad Overlap
origSeq_64-seq9_52	No error	0.55251651235354768093	Bad Overlap
origSeq_66-seq4_67	No error	0.6517491371016078044	Bad Overlap
origSeq_66-seq4_40	No error	0.60667388520952156554	Bad Overlap
origSeq_68-seq5_55	No error	0.6598950414423338651	Bad Overlap
origSeq_69-seq3_24	No error	0.6310388985396977884	Bad Overlap
origSeq_71-seq8_34	No error	0.55466769729209833165	Bad Overlap
origSeq_71-seq2_62	No error	0.610254812725812249	Bad Overlap
origSeq_71-seq6_89	No error	0.54460999527604780196	Bad Overlap
origSeq_72-seq5_8	No error	0.6023841964201325364	Bad Overlap
origSeq_73-seq9_27	No error	0.5582680849951997544	Bad Overlap
origSeq_74-seq2_98	No error	0.65529195603575526597	Bad Overlap
origSeq_74-seq2_97	No error	0.6471477197929868714	Bad Overlap
origSeq_74-seq7_11	No error	0.58584383578401701636	Bad Overlap
origSeq_75-seq1_55	No error	0.64888476817404129213	Bad Overlap
origSeq_75-seq8_74	No error	0.5534096931392147818	Bad Overlap
origSeq_75-seq3_74	No error	0.63085003704409680833	Bad Overlap
origSeq_75-seq5_26	No error	0.5782642235309706046	Bad Overlap
origSeq_76-seq6_49	No error	0.59673973790999804313	Bad Overlap
origSeq_78-seq5_79	No error	0.60552344032455893803	Bad Overlap
origSeq_78-seq7_76	No error	0.57257323218942716514	Bad Overlap
origSeq_79-seq2_23	No error	0.6594570270406648463	Bad Overlap
origSeq_80-seq2_86	No error	0.6366270823918670962	Bad Overlap
origSeq_80-seq3_34	No error	0.61905356026881273884	Bad Overlap
origSeq_82-seq6_81	No error	0.5786691944349932645	Bad Overlap
origSeq_82-seq7_15	No error	0.57966522796343412206	Bad Overlap
origSeq_82-seq8_16	No error	0.57123826280693939454	Bad Overlap
origSeq_82-seq10_71	No error	0.52048648084567909934	Bad Overlap
origSeq_83-seq4_54	No error	0.6233777526553757868	Bad Overlap
origSeq_83-seq9_69	No error	0.54793453906868477734	Bad Overlap
origSeq_83-seq7_51	No error	0.55961843594480272185	Bad Overlap
origSeq_83-seq6_78	No error	0.5665421179825136594	Bad Overlap
origSeq_84-seq1_91	No error	0.66198303109986374177	Bad Overlap
origSeq_84-seq9_36	No error	0.5456501990158787762	Bad Overlap
origSeq_84-seq4_55	No error	0.62465728490022120225	Bad Overlap
origSeq_84-seq6_65	No error	0.59222438865308359965	Bad Overlap
origSeq_84-seq10_3	No error	0.5482969817616762852	Bad Overlap
origSeq_85-seq7_82	No error	0.5840065780849096486	Bad Overlap
origSeq_85-seq10_87	No error	0.5332819248305523808	Bad Overlap
origSeq_87-seq8_87	No error	0.55584145500155288924	Bad Overlap
origSeq_87-seq9_87	No error	0.55345005716602145075	Bad Overlap
origSeq_88-seq8_68	No error	0.570583207317249612	Bad Overlap
origSeq_89-seq3_56	No error	0.6289273960963550133	Bad Overlap
origSeq_90-seq7_37	No error	0.5617541923109732533	Bad Overlap
origSeq_91-seq6_44	No error	0.6118950431725211495	Bad Overlap
origSeq_92-seq4_86	No error	0.6163104014676022675	Bad Overlap
origSeq_93-seq4_89	No error	0.62986431239400589706	Bad Overlap
origSeq_93-seq6_33	No error	0.5781805599874423852	Bad Overlap
origSeq_93-seq7_93	No error	0.61651855422330979463	Bad Overlap
origSeq_94-seq3_71	No error	0.647571011683052758	Bad Overlap
origSeq_94-seq10_67	No error	0.5405292124695513084	Bad Overlap
origSeq_94-seq10_25	No error	0.52714072833831025473	Bad Overlap
origSeq_95-seq4_27	No error	0.61998370188304957845	Bad Overlap
origSeq_95-seq2_24	No error	0.6490593425429602853	Bad Overlap
origSeq_95-seq7_41	No error	0.5630232836444144711	Bad Overlap
origSeq_95-seq6_73	No error	0.5775436608294589707	Bad Overlap
origSeq_96-seq8_37	No error	0.56076687126811570637	Bad Overlap
origSeq_97-seq3_53	No error	0.6355505328079417769	Bad Overlap
origSeq_97-seq2_15	No error	0.67992612667815694334	Bad Overlap
origSeq_98-seq5_33	No error	0.63013689740861144093	Bad Overlap
origSeq_99-seq9_99	No error	0.0	Bad Overlap
origSeq_99-seq3_15	No error	0.6413576495871444266	Bad Overlap
seq9_17-seq9_54	No error	0.69843457661669368396	Good Overlap
seq9_31-seq9_78	No error	0.67311649963384236387	Good Overlap
seq9_40-seq9_72	No error	0.69677692010489052576	Good Overlap
seq9_57-seq9_98	No error	0.67700552275429563766	Good Overlap
seq9_61-seq9_81	No error	0.69087902578987961096	Good Overlap
seq9_63-seq9_95	No error	0.7061890284601541174	Good Overlap
seq7_23-seq9_90	No error	0.47741864963539785825	Bad Overlap
seq7_24-seq7_7	No error	0.67375832090071989083	Good Overlap
seq7_38-seq8_82	No error	0.5061797881068396448	Bad Overlap
seq7_47-seq9_37	No error	0.4733902304065197897	Bad Overlap
seq7_48-seq7_91	No error	0.6912980767546626182	Good Overlap
seq7_50-seq8_69	No error	0.49785778433107690357	Bad Overlap
seq7_56-seq9_40	No error	0.5035591232004553005	Bad Overlap
seq7_56-seq8_14	No error	0.5020802451951152223	Bad Overlap
seq7_56-seq9_72	No error	0.47996248569696731777	Bad Overlap
seq7_57-seq9_92	No error	0.48045291195374482932	Bad Overlap
seq7_58-seq9_68	No error	0.46734655477715864478	Bad Overlap
seq7_74-seq9_35	No error	0.47886430846072650864	Bad Overlap
seq7_78-seq9_49	No error	0.48420524479893148372	Bad Overlap
seq7_81-seq8_75	No error	0.48264117256978736895	Bad Overlap
seq7_85-seq8_28	No error	0.4836617163558965104	Bad Overlap
seq7_86-seq7_94	No error	0.69877114871104280735	Good Overlap
seq7_88-seq8_79	No error	0.4826960055104873674	Bad Overlap
seq7_89-seq9_67	No error	0.48356050344560105262	Bad Overlap
seq7_90-seq9_78	No error	0.48570600475945810513	Bad Overlap
seq7_90-seq9_31	No error	0.48891874524733006826	Bad Overlap
seq7_91-seq9_98	No error	0.0	Bad Overlap
seq7_91-seq8_51	No error	0.50050815209273002423	Bad Overlap
seq7_91-seq9_57	No error	0.47884138751029114238	Bad Overlap
seq7_92-seq8_4	No error	0.5190652266989526642	Bad Overlap
seq8_14-seq9_72	No error	0.4836389372565719474	Bad Overlap
seq8_15-seq8_67	No error	0.6650815031657397717	Good Overlap
seq8_15-seq8_57	No error	0.6744730659732100221	Good Overlap
seq8_31-seq8_90	No error	0.69368926553896205375	Good Overlap
seq8_31-seq8_88	No error	0.69393647193311927405	Good Overlap
seq8_36-seq8_91	No error	0.6660956841566162503	Good Overlap
seq8_40-seq9_98	No error	0.48323968695192059586	Bad Overlap
seq8_44-seq8_93	No error	0.68021594625397743946	Good Overlap
seq8_45-seq8_87	No error	0.69858377442398444094	Good Overlap
seq8_51-seq9_98	No error	0.48970217912323517193	Bad Overlap
seq8_57-seq8_67	No error	0.67791582010458634053	Good Overlap
seq8_73-seq8_78	No error	0.7086359296116091723	Good Overlap
seq8_88-seq8_90	No error	0.68379534340910395646	Good Overlap
seq3_3-seq7_84	No error	0.5390920929383206559	Bad Overlap
seq3_7-seq5_99	No error	0.56171049868897529746	Bad Overlap
seq3_8-seq5_95	No error	0.5742614784851164275	Bad Overlap
seq3_9-seq7_63	No error	0.54838007011780953546	Bad Overlap
seq3_11-seq5_50	No error	0.57417659531071073623	Bad Overlap
seq3_12-seq8_91	No error	0.51731000133675846035	Bad Overlap
seq3_13-seq5_80	No error	0.5778357501816920673	Bad Overlap
seq3_14-seq5_71	No error	0.5655505956681611592	Bad Overlap
seq3_15-seq9_99	No error	0.54254964195452762835	Bad Overlap
seq3_19-seq4_24	No error	0.575340377301251828	Bad Overlap
seq3_23-seq4_41	No error	0.57868361089788057145	Bad Overlap
seq3_23-seq5_97	No error	0.5583716853871464619	Bad Overlap
seq3_27-seq4_63	No error	0.5842013495390658622	Bad Overlap
seq3_28-seq5_44	No error	0.5772987123987568269	Bad Overlap
seq3_32-seq6_64	No error	0.54452171533016027164	Bad Overlap
seq3_32-seq8_57	No error	0.5442349181886024383	Bad Overlap
seq3_32-seq8_15	No error	0.5601368390365930953	Bad Overlap
seq3_37-seq8_62	No error	0.544235099625355483	Bad Overlap
seq3_40-seq7_91	No error	0.54202188204039667937	Bad Overlap
seq3_40-seq9_98	No error	0.5136504810364779057	Bad Overlap
seq3_40-seq8_51	No error	0.5451909403804878386	Bad Overlap
seq3_41-seq3_94	No error	0.6862770054614177423	Good Overlap
seq3_41-seq3_69	No error	0.7020350721308277211	Good Overlap
seq3_41-seq8_35	No error	0.54073159251115345567	Bad Overlap
seq3_43-seq9_55	No error	0.53144967482128214906	Bad Overlap
seq3_47-seq7_68	No error	0.5477814442016989389	Bad Overlap
seq3_48-seq5_17	No error	0.59948806635949053494	Bad Overlap
seq3_50-seq7_80	No error	0.5558546524029868303	Bad Overlap
seq3_50-seq8_53	No error	0.5655387872733714833	Bad Overlap
seq3_52-seq9_44	No error	0.52715439588064601337	Bad Overlap
seq3_54-seq3_89	No error	0.67240192112481041246	Good Overlap
seq3_54-seq8_92	No error	0.5255296710160833362	Bad Overlap
seq3_54-seq5_1	No error	0.55010543906636899807	Bad Overlap
seq3_55-seq6_89	No error	0.571368186401537612	Bad Overlap
seq3_58-seq5_43	No error	0.58663125661031017205	Bad Overlap
seq3_63-seq7_70	No error	0.54445590682049941884	Bad Overlap
seq3_64-seq9_29	No error	0.51035649701776776273	Bad Overlap
seq3_65-seq9_89	No error	0.51515703092548241607	Bad Overlap
seq3_66-seq9_74	No error	0.5343410521924113957	Bad Overlap
seq3_66-seq6_76	No error	0.58556230457977668944	Bad Overlap
seq3_68-seq7_46	No error	0.54459346592738148697	Bad Overlap
seq3_68-seq6_24	No error	0.55714257579126311203	Bad Overlap
seq3_69-seq3_94	No error	0.67983766780104782225	Good Overlap
seq3_69-seq9_80	No error	0.52071096855857121533	Bad Overlap
seq3_69-seq7_67	No error	0.56069411907992521173	Bad Overlap
seq3_70-seq3_93	No error	0.6904614391281149634	Good Overlap
seq3_71-seq7_78	No error	0.55235094390096636395	Bad Overlap
seq3_73-seq5_83	No error	0.586607957385422896	Bad Overlap
seq3_74-seq8_74	No error	0.5417244748309832683	Bad Overlap
seq3_77-seq5_88	No error	0.5604837430697161567	Bad Overlap
seq3_77-seq5_92	No error	0.560852336497013083	Bad Overlap
seq3_77-seq9_42	No error	0.5294997771849000078	Bad Overlap
seq3_79-seq6_82	No error	0.5455559218687431157	Bad Overlap
seq3_80-seq5_21	No error	0.5856551059554139167	Bad Overlap
seq3_80-seq8_17	No error	0.5441123111887467863	Bad Overlap
seq3_82-seq5_81	No error	0.57226469920481062923	Bad Overlap
seq3_83-seq8_47	No error	0.54186034848819945083	Bad Overlap
seq3_84-seq4_56	No error	0.5839731467214994058	Bad Overlap
seq3_85-seq6_77	No error	0.55412332503858198224	Bad Overlap
seq3_88-seq8_22	No error	0.52478899759800921615	Bad Overlap
seq3_89-seq8_92	No error	0.5208692204831330729	Bad Overlap
seq3_89-seq5_1	No error	0.5688204403013312124	Bad Overlap
seq3_90-seq6_91	No error	0.55669722311636402707	Bad Overlap
seq3_91-seq5_13	No error	0.5578975485552570545	Bad Overlap
seq3_91-seq4_93	No error	0.5767332305611344317	Bad Overlap
seq3_92-seq9_85	No error	0.5198592976512345149	Bad Overlap
seq3_92-seq6_45	No error	0.559862947687918879	Bad Overlap
seq3_94-seq8_35	No error	0.5291288715953196436	Bad Overlap
seq3_94-seq4_2	No error	0.59645930520526695904	Bad Overlap
